{"cameraMode":{"drawMode":0,"name":"Shaded","section":"Shading Mode"},"sceneLighting":false,"audioPlay":false,"sceneViewState":{"m_AlwaysRefresh":false,"showFog":false,"showSkybox":false,"showFlares":false,"showImageEffects":false,"showParticleSystems":false,"showVisualEffectGraphs":true,"m_FxEnabled":true},"in2DMode":false,"pivot":{"x":0.022535502910614015,"y":1.0051894187927247,"z":0.011828146874904633},"rotation":{"x":0.03692083805799484,"y":-0.797950267791748,"z":0.04913591966032982,"w":0.5995819568634033},"size":1.449530839920044,"orthographic":false}