{"cameraMode":{"drawMode":0,"name":"Shaded","section":"Shading Mode"},"sceneLighting":false,"audioPlay":false,"sceneViewState":{"m_AlwaysRefresh":false,"showFog":true,"showSkybox":true,"showFlares":true,"showImageEffects":true,"showParticleSystems":true,"showVisualEffectGraphs":true,"m_FxEnabled":true},"in2DMode":false,"pivot":{"x":-1.5277256965637208,"y":0.6735577583312988,"z":-2.6615023612976076},"rotation":{"x":-0.03372994810342789,"y":-0.9629461169242859,"z":0.1440613865852356,"w":-0.22557207942008973},"size":3.4290740489959719,"orthographic":false}